{
  "TranslationProperties": {
    "Name": "W To E Horizontal Hopper"
  },
  "PlayerAnimationsId": "Block",
  "Categories": [
    "Furniture.Containers"
  ],
  "Set": "Furniture_Crude",
  "Icon": "Icons/ItemsGenerated/Hopper _Horizontal.png",
  "Recipe": {
    "TimeSeconds": 1,
    "Input": [
      {
        "Quantity": 10,
        "ItemId": "Ingredient_Bar_Iron"
      },
      {
        "ResourceTypeId": "Containers",
        "ItemTag": ""
      }
    ],
    "BenchRequirement": [
      {
        "Id": "Workbench",
        "Type": "Crafting",
        "Categories": [
          "Workbench_Crafting"
        ]
      }
    ]
  },
  "Tags": {
    "Type": [
      "Furniture"
    ],
    "Family": [
      "Crude"
    ]
  },
  "IconProperties": {
    "Scale": 0.55,
    "Translation": [
      0,
      -15
    ],
    "Rotation": [
      22.5,
      45,
      22.5
    ]
  },
  "ItemSoundSetId": "ISS_Blocks_Wood",
  "MaxStack": 3,
  "Container": {
    "Capacity": 1
  },
  "BlockType": {
    "BlockParticleSetId": "Wood",
    "BlockSoundSetId": "Wood",
    "CustomModel": "Items/Icons/ItemsGenerated/Hopper _Horizontal_EW.blockymodel",
    "CustomModelTexture": [
      {
        "Texture": "Items/Icons/ItemsGenerated/hopper_horizontal_texture.png",
        "Weight": 1
      }
    ],
    "DrawType": "Model",
    "Flags": {
      "IsUsable": true
    },
    "Gathering": {
      "Breaking": {
        "GatherType": "Woods"
      }
    },
    "Material": "Solid",
    "Opacity": "Transparent",
    "ParticleColor": "#63412c",
    "State": {
      "Id": "Ev0sModsEv0LibHopperCrafter",
      "Force": 0,
      "Height": 1.2,
      "Players": true,
      "Items": true,
      "Entities": true,
      "ExportFaces": [
        "East"
      ],
      "ImportFaces": [
        "West"
      ],
      "Cooldown": {
        "Min": 19,
        "Max": 20
      }
    },
    "Supporting": {
      "Up": [
        {
          "FaceType": "Full"
        }
      ]
    },
    "Support": {
      "Down": [
        {
          "FaceType": "Full",
          "Support": "Ignored"
        }
      ]
    },
    "VariantRotation": "None",
    "Interactions": {
      "Primary": "Break_Container",
      "Use": "Open_Container"
    },
    "CustomModelScale": 0.5
  }
}
