{
  "DisplayNameKey": "ui.drugmerchant.title",
  "RefreshInterval": {
    "Days": 3
  },
  "RestockHour": 6,
  "TradeSlots": [
    {
      "Type": "Fixed",
      "Trade": {
        "Output": {
          "ItemId": "Joint",
          "Quantity": 1
        },
        "Input": [
          {
            "ItemId": "Ingredient_Life_Essence",
            "Quantity": 5
          }
        ],
        "Stock": 10
      }
    },
    {
      "Type": "Fixed",
      "Trade": {
        "Output": {
          "ItemId": "Blunt",
          "Quantity": 1
        },
        "Input": [
          {
            "ItemId": "Ingredient_Life_Essence",
            "Quantity": 20
          }
        ],
        "Stock": 10
      }
    },
    {
      "Type": "Fixed",
      "Trade": {
        "Output": {
          "ItemId": "Cigarette",
          "Quantity": 5
        },
        "Input": [
          {
            "ItemId": "Ingredient_Life_Essence",
            "Quantity": 25
          }
        ],
        "Stock": 10
      }
    }
  ]
}
