{
  "MaxFluidLevel": 1,
  "Effect": [
    "Water"
  ],
  "Opacity": "Transparent",
  "Textures": [
    {
      "Weight": 1,
      "All": "BlockTextures/Fluid_Water.png"
    }
  ],
  "BlockParticleSetId": "Water",
  "BlockSoundSetId": "Water",
  "FluidFXId": "Water",
  "Interactions": {
    "Collision": {
      "Cooldown": {
        "Id": "ClearBurn",
        "Cooldown": 1
      },
      "Interactions": [
        {
          "Type": "ClearEntityEffect",
          "EntityEffectId": "Burn"
        },
        {
          "Type": "ClearEntityEffect",
          "EntityEffectId": "Lava_Burn"
        },
        {
          "Type": "ClearEntityEffect",
          "EntityEffectId": "Flame_Staff_Burn"
        }
      ]
    },
    "Primary": "Check_Can_Break_Respawn"
  },
  "Ticker": {
    "CanDemote": false,
    "SpreadFluid": "Water",
    "Collisions": {
      "Lava": {
        "BlockToPlace": "Rock_Stone_Cobble",
        "SoundEvent": "SFX_Flame_Break"
      },
      "Lava_Source": {
        "BlockToPlace": "Rock_Magma_Cooled",
        "SoundEvent": "SFX_Flame_Break"
      }
    }
  },
  "Tags": {
    "Fluid": [
      "Water"
    ]
  }
}
