{
  "TranslationProperties": {
    "Name": "server.items.Furniture_Christmas_Chest_Small.name"
  },
  "PlayerAnimationsId": "Block",
  "Categories": [
    "Furniture.Containers"
  ],
  "Set": "Furniture_Christmas",
  "Recipe": {
    "Input": [
      {
        "ItemId": "Plant_Petals_Yellow",
        "Quantity": 3
      },
      {
        "ItemId": "Ingredient_Fabric_Scrap_Linen",
        "Quantity": 1
      },
      {
        "ItemId": "Ingredient_Fibre",
        "Quantity": 2
      }
    ],
    "BenchRequirement": [
      {
        "Type": "Crafting",
        "Id": "Furniture_Bench",
        "Categories": [
          "Furniture_Seasonal"
        ]
      }
    ]
  },
  "Icon": "Icons/ItemsGenerated/Furniture_Christmas_Chest_Small.png",
  "IconProperties": {
    "Rotation": [
      22.5,
      45,
      22.5
    ],
    "Scale": 0.55,
    "Translation": [
      0,
      -15
    ]
  },
  "BlockType": {
    "BlockParticleSetId": "Wood",
    "BlockSoundSetId": "Cloth",
    "CustomModel": "Blocks/Decorative_Sets/Christmas/Chest_Small.blockymodel",
    "CustomModelTexture": [
      {
        "Texture": "Blocks/Decorative_Sets/Christmas/Chest_Small_Textures/Orange.png",
        "Weight": 1
      }
    ],
    "DrawType": "Model",
    "Flags": {
      "IsUsable": true
    },
    "Gathering": {
      "Breaking": {
        "GatherType": "Woods"
      }
    },
    "Material": "Solid",
    "Opacity": "Transparent",
    "ParticleColor": "#63412c",
    "State": {
      "Id": "container",
      "Capacity": 18,
      "Definitions": {
        "CloseWindow": {
          "InteractionSoundEventId": "SFX_Chest_Wooden_Close",
          "CustomModelAnimation": "Blocks/Animations/Chest/Chest_Close.blockyanim"
        },
        "OpenWindow": {
          "InteractionSoundEventId": "SFX_Chest_Wooden_Open",
          "CustomModelAnimation": "Blocks/Animations/Chest/Chest_Open.blockyanim"
        }
      }
    },
    "Supporting": {
      "Up": [
        {
          "FaceType": "Full"
        }
      ]
    },
    "Support": {
      "Down": [
        {
          "FaceType": "Full"
        }
      ]
    },
    "VariantRotation": "NESW",
    "Interactions": {
      "Primary": "Break_Container",
      "Use": "Open_Container"
    }
  },
  "Model": "Blocks/Decorative_Sets/Christmas/Chest_Small.blockymodel",
  "Texture": "Blocks/Decorative_Sets/Christmas/Chest_Small.png",
  "Tags": {
    "Type": [
      "Furniture"
    ]
  },
  "ItemSoundSetId": "ISS_Items_Cloth",
  "MaxStack": 10,
  "ResourceTypes": [
    {
      "Id": "Containers"
    }
  ]
}
